model,task_family,capability,cot_state,n,mean_delta,abs_mean_delta,ci_low_2.5,ci_high_97.5
Qwen3-0.6B-Base,KB,KP,no_cot,25,0.4935569710078693,0.6913796104533332,0.17674903109916268,0.8844652211369147
Qwen3-0.6B-Base,KB,KD,no_cot,25,1.4400174519217441,1.4400174519217441,0.9004562230065998,2.1121737436164607
Qwen3-0.6B-Base,KB,KB,no_cot,25,0.16898879594107463,0.7732551099906365,-0.24208991665554544,0.701529544126739
Qwen3-0.6B-Base,KB,KP,with_cot,25,0.9187146430982365,1.0251884442342534,0.5010227261455109,1.421213816798824
Qwen3-0.6B-Base,KB,KD,with_cot,25,0.963541146221615,0.9825842816659383,0.5770815652387837,1.437098916267231
Qwen3-0.6B-Base,KB,KB,with_cot,25,0.1385031092621031,0.5977488536643131,-0.20868495572211132,0.5503054954815744
Qwen3-0.6B-Base,RB,RP,no_cot,25,0.16331888989944546,0.5172938000650278,-0.09687894622152225,0.42922800067468486
Qwen3-0.6B-Base,RB,RB,no_cot,25,-0.0709427270931857,0.1592351350826876,-0.1663476792717619,0.01766290525577603
Qwen3-0.6B-Base,RB,RD,no_cot,25,0.5268711919993873,0.6635366920044734,0.3067848631246458,0.7298545256282778
Qwen3-0.6B-Base,RB,RP,with_cot,25,-0.3447568178549409,0.4235681289806962,-0.5280344456707438,-0.182920202932631
Qwen3-0.6B-Base,RB,RB,with_cot,25,-0.1388768819080932,0.2830367675530059,-0.2874179021137811,0.0018191678571913266
Qwen3-0.6B-Base,RB,RD,with_cot,25,0.1210686582690548,0.47641320331554327,-0.10910494065674997,0.34097698831757783
Qwen3-0.6B-Base,Hybrid,CP,no_cot,25,1.991115596860647,1.991115596860647,1.5438398236975075,2.458440677269548
Qwen3-0.6B-Base,Hybrid,CB,no_cot,25,0.8012466738124688,1.0418108668426673,0.3588700234467785,1.2963875031322238
Qwen3-0.6B-Base,Hybrid,CB-control,no_cot,25,-0.19068480722109474,0.4429879217147827,-0.4143102506746848,0.0226407488117614
Qwen3-0.6B-Base,Hybrid,CD,no_cot,25,1.5876460101008414,1.5964117850661277,1.1379117535839478,2.068864903007944
Qwen3-0.6B-Base,Hybrid,CP,with_cot,25,1.5340931691229343,1.576259852796793,1.0773438883908093,2.0391013686445847
Qwen3-0.6B-Base,Hybrid,CB,with_cot,25,0.786450842599074,0.9662003675897916,0.3353471865698695,1.3077788382574915
Qwen3-0.6B-Base,Hybrid,CB-control,with_cot,25,-0.23020442787806192,0.5077188414732615,-0.48200873347719514,0.032131199355920036
Qwen3-0.6B-Base,Hybrid,CD,with_cot,25,1.0856506477793058,1.1352971826990446,0.6439943221683303,1.5970695606693626
Qwen3-0.6B,KB,KP,no_cot,25,-0.5271606710664595,0.6233180759169182,-0.7415602366669453,-0.3027847764982215
Qwen3-0.6B,KB,KD,no_cot,25,-0.295865319255551,0.5693786746927515,-0.6847263165585461,0.023165054494423326
Qwen3-0.6B,KB,KB,no_cot,25,-0.027419325125913687,0.39134608970695584,-0.3271511181387447,0.20437820837653878
Qwen3-0.6B,KB,KP,with_cot,25,-0.23805683506138262,0.38158543732035016,-0.4415607432116165,-0.04877195976321996
Qwen3-0.6B,KB,KD,with_cot,25,-0.33873149063735314,0.5742568366166115,-0.7736192961548786,-0.012195678147021731
Qwen3-0.6B,KB,KB,with_cot,25,-0.1036250430283447,0.4730412196250012,-0.5670032636241676,0.20966762502091776
Qwen3-0.6B,RB,RP,no_cot,25,-0.6843469902376333,0.9620693298677603,-1.0066690294075136,-0.33442221724490334
Qwen3-0.6B,RB,RB,no_cot,25,0.2161782911304561,0.6728742975111873,-0.1425882380940021,0.5903066909792168
Qwen3-0.6B,RB,RD,no_cot,25,-0.9284008258596685,1.1703049248472477,-1.4179595233496125,-0.45956044228277965
Qwen3-0.6B,RB,RP,with_cot,25,-0.4821772235379156,0.7735027946970825,-0.7619857795720343,-0.17422199777167827
Qwen3-0.6B,RB,RB,with_cot,25,0.20830541770461766,0.6804379941851255,-0.16122957035690724,0.5895179276675251
Qwen3-0.6B,RB,RD,with_cot,25,-0.6006123582773752,1.0614558005584627,-1.1382199371680035,-0.10063305413406484
Qwen3-0.6B,Hybrid,CP,no_cot,25,0.18787625715384876,0.5038288663600882,-0.054809333313101276,0.42509374156594254
Qwen3-0.6B,Hybrid,CB,no_cot,25,-0.17144222508890863,0.6201588093884445,-0.45500716803316615,0.11019530505728313
Qwen3-0.6B,Hybrid,CB-control,no_cot,25,-0.46649921910868336,0.7486417370199535,-0.8857993704903251,-0.08549878708038802
Qwen3-0.6B,Hybrid,CD,no_cot,25,-0.3172582984765371,0.6633164946747323,-0.7531335994205127,0.04822500337660306
Qwen3-0.6B,Hybrid,CP,with_cot,25,0.14584759449136128,0.7330011397120544,-0.2684323261520089,0.517498052533902
Qwen3-0.6B,Hybrid,CB,with_cot,25,0.013542360257376807,0.6759667080504392,-0.3126024559295731,0.3603758254679418
Qwen3-0.6B,Hybrid,CB-control,with_cot,25,-0.18816843238441894,0.6501629107547923,-0.5452406707008058,0.16534532863697185
Qwen3-0.6B,Hybrid,CD,with_cot,25,-0.19713374650788798,0.5647373310097804,-0.5626442006648829,0.10701615150501022
Qwen3-1.7B-Base,KB,KP,no_cot,25,0.4548078728652603,0.5258722713290758,0.26997701093481097,0.6482198260684363
Qwen3-1.7B-Base,KB,KD,no_cot,25,0.3823310914248051,0.490941117524125,0.18623190086595937,0.5911447869819898
Qwen3-1.7B-Base,KB,KB,no_cot,25,0.0042082965453820445,0.6508218538780653,-0.3750981484276243,0.48030789733443935
Qwen3-1.7B-Base,KB,KP,with_cot,25,0.18288056574555647,0.39379619312328507,0.0010082829882701266,0.3720677340052063
Qwen3-1.7B-Base,KB,KD,with_cot,25,0.0778437078752156,0.45027570566455166,-0.14773707891087312,0.31217606335284764
Qwen3-1.7B-Base,KB,KB,with_cot,25,0.1270380897972556,0.5912589793971607,-0.17180073505267937,0.44154839925398787
Qwen3-1.7B-Base,RB,RP,no_cot,25,-0.37394713333674845,0.48334494686552454,-0.6158048437486535,-0.15514818350216822
Qwen3-1.7B-Base,RB,RB,no_cot,25,-0.4908322848219957,0.592408215735285,-0.7460049607669492,-0.25116928910787817
Qwen3-1.7B-Base,RB,RD,no_cot,25,-0.5100141788327268,0.6351658597535321,-0.7397724353549114,-0.2871164893003273
Qwen3-1.7B-Base,RB,RP,with_cot,25,-0.44008444974198935,0.5470083833672106,-0.6987912895052385,-0.2141704783753182
Qwen3-1.7B-Base,RB,RB,with_cot,25,-0.49848400746161736,0.6084920155443251,-0.784304761776235,-0.2278981514268866
Qwen3-1.7B-Base,RB,RD,with_cot,25,-0.5386983394702631,0.613820936411087,-0.7118722280149482,-0.35529993796718895
Qwen3-1.7B-Base,Hybrid,CP,no_cot,25,1.413000388333574,1.413000388333574,1.0773594007209255,1.796806736765724
Qwen3-1.7B-Base,Hybrid,CB,no_cot,25,0.6989214256390309,0.9189895795270181,0.3388964325369258,1.0733021681655277
Qwen3-1.7B-Base,Hybrid,CB-control,no_cot,25,-0.35873938596372795,0.6802012487861018,-0.6674000554218267,-0.04663179911272623
Qwen3-1.7B-Base,Hybrid,CD,no_cot,25,0.8991514699012041,1.0791747312396764,0.4930079151462764,1.3549662206765263
Qwen3-1.7B-Base,Hybrid,CP,with_cot,25,0.8065065625055382,0.845256028447921,0.5234654359453823,1.1521710833796766
Qwen3-1.7B-Base,Hybrid,CB,with_cot,25,0.2608125386978499,0.569848639800679,-0.020735044547294586,0.5699488374797316
Qwen3-1.7B-Base,Hybrid,CB-control,with_cot,25,-0.6359627660525342,0.8457908579123518,-0.9795529849938116,-0.3096042870716815
Qwen3-1.7B-Base,Hybrid,CD,with_cot,25,-0.1258663048769037,0.416309029477338,-0.3427994117008522,0.10804077097897728
Qwen3-1.7B,KB,KP,no_cot,25,-0.5263013878149089,0.571192912879504,-0.775616386850911,-0.31064426544066254
Qwen3-1.7B,KB,KD,no_cot,25,-0.5369392237490165,0.659235692056169,-0.8635567960269188,-0.24432083100041935
Qwen3-1.7B,KB,KB,no_cot,25,0.1160866628667457,0.4712002029642708,-0.14370286610128855,0.4228915885349238
Qwen3-1.7B,KB,KP,with_cot,25,-0.34612916685801387,0.4344892409144562,-0.5117270476314087,-0.1825748595885173
Qwen3-1.7B,KB,KD,with_cot,25,-0.3920375604237246,0.5611159884420899,-0.728998323492559,-0.10748954395522864
Qwen3-1.7B,KB,KB,with_cot,25,0.002209949751159357,0.3626527905649196,-0.1799102478769931,0.18096365931642902
Qwen3-1.7B,RB,RP,no_cot,25,-1.0368786342437675,1.3812727718120061,-1.6513846731922364,-0.45773258284833634
Qwen3-1.7B,RB,RB,no_cot,25,-0.8656807785118993,1.1578226451958593,-1.4140397132811033,-0.3638798267226097
Qwen3-1.7B,RB,RD,no_cot,25,-1.478485165515232,1.7365676741587004,-2.1494468476005504,-0.8454131537916754
Qwen3-1.7B,RB,RP,with_cot,25,-0.742782219354013,1.017181460207033,-1.1786807878304637,-0.32109378181348097
Qwen3-1.7B,RB,RB,with_cot,25,-0.582956265230467,0.9687292398039802,-1.0183403641884894,-0.14218879019960576
Qwen3-1.7B,RB,RD,with_cot,25,-0.9326839313839954,1.6884454142752354,-1.64696445584687,-0.20455978283272375
Qwen3-1.7B,Hybrid,CP,no_cot,25,0.03321242926508262,0.9731810516887502,-0.6392749859622344,0.6149357023476639
Qwen3-1.7B,Hybrid,CB,no_cot,25,-0.4987699963441275,0.9748400821002554,-1.125094797995564,0.028358913251796125
Qwen3-1.7B,Hybrid,CB-control,no_cot,25,-0.8230524558043166,1.050641386738515,-1.3792846749253846,-0.2977424700878792
Qwen3-1.7B,Hybrid,CD,no_cot,25,-0.6881642495839947,0.9423006868275428,-1.3799984284514317,-0.13283568044595226
Qwen3-1.7B,Hybrid,CP,with_cot,25,0.03831739299070456,1.120333940026014,-0.6687630022492695,0.7254361327644919
Qwen3-1.7B,Hybrid,CB,with_cot,25,-0.5701889752939653,1.075463851404842,-1.1442230776109354,-0.026349797015200068
Qwen3-1.7B,Hybrid,CB-control,with_cot,25,-0.6861549943501402,1.0659846288468495,-1.2371426174261215,-0.17798994028809828
Qwen3-1.7B,Hybrid,CD,with_cot,25,-0.7028622199297629,1.1070204597471456,-1.3503340068210345,-0.12737865689034464
Qwen3-4B-Base,KB,KP,no_cot,25,0.24056513908637375,0.5539539825979155,-0.04131172119976839,0.5203626335628776
Qwen3-4B-Base,KB,KD,no_cot,25,0.7988525817353014,1.1369609223744788,0.33446912748173563,1.2587268442138406
Qwen3-4B-Base,KB,KB,no_cot,25,0.45327083041558835,0.8405075915683328,0.09960191471334322,0.7738092603658426
Qwen3-4B-Base,KB,KP,with_cot,25,-0.4923509736409691,0.6929444589527044,-0.8245118252986599,-0.18945032796033684
Qwen3-4B-Base,KB,KD,with_cot,25,-0.4250152603865967,0.7331301880460288,-0.8014587544939094,-0.0633891538771936
Qwen3-4B-Base,KB,KB,with_cot,25,-0.24620998697145285,0.6463419126387785,-0.8419613329558965,0.18818476398528058
Qwen3-4B-Base,RB,RP,no_cot,25,-0.38369129797332874,0.5672701472893269,-0.6196057021329179,-0.14011566485187413
Qwen3-4B-Base,RB,RB,no_cot,25,-0.4950845329798315,0.5443983243740652,-0.7068806335579637,-0.2974367425865882
Qwen3-4B-Base,RB,RD,no_cot,25,-0.1645996555841217,0.4227201476786286,-0.3750404740163746,0.04284797788279442
Qwen3-4B-Base,RB,RP,with_cot,25,-0.4435602541057216,0.571247609524012,-0.6760553119430939,-0.22574873906618456
Qwen3-4B-Base,RB,RB,with_cot,25,-0.6603629560715386,0.7022300691849419,-0.9045698753668526,-0.4292414767523518
Qwen3-4B-Base,RB,RD,with_cot,25,-0.31538685675422173,0.4384280037478588,-0.49789033587188236,-0.14104004231227252
Qwen3-4B-Base,Hybrid,CP,no_cot,25,0.7570674184014399,1.117684545819958,0.2948602290452768,1.2632196498226993
Qwen3-4B-Base,Hybrid,CB,no_cot,25,-0.3969133884335557,0.7601930702353517,-0.7193056750412408,-0.08001409434154645
Qwen3-4B-Base,Hybrid,CB-control,no_cot,25,-1.069600711878389,1.1207167337499557,-1.492198787524551,-0.6884544638376683
Qwen3-4B-Base,Hybrid,CD,no_cot,25,-0.3710525174091259,0.9025255651424328,-0.7882909875679761,0.04408833560906342
Qwen3-4B-Base,Hybrid,CP,with_cot,25,-0.003780321958474824,0.47798381758698577,-0.26223512637324164,0.23963686203716003
Qwen3-4B-Base,Hybrid,CB,with_cot,25,-0.023569274601216127,0.4538375684066365,-0.26100785558810463,0.20632100680712612
Qwen3-4B-Base,Hybrid,CB-control,with_cot,25,-0.18231208844700206,0.6052254102996861,-0.44126707074337174,0.09530009850828595
Qwen3-4B-Base,Hybrid,CD,with_cot,25,-0.8160664824244256,0.8747512129542108,-1.1071701670896184,-0.5533540952096228
Qwen3-4B,KB,KP,no_cot,25,-0.7223599128399651,0.9448378267500962,-1.1857900901539087,-0.3164889165580817
Qwen3-4B,KB,KD,no_cot,25,-0.8971060170553292,0.9565934708026496,-1.4509368959413578,-0.4333282985134184
Qwen3-4B,KB,KB,no_cot,25,-0.056674417476372765,0.47067790826731853,-0.439425952622118,0.2729765346377584
Qwen3-4B,KB,KP,with_cot,25,-0.7834619759527576,0.9744935208106807,-1.430091396256388,-0.27135891680073976
Qwen3-4B,KB,KD,with_cot,25,-0.8675711600146383,0.9567482390248152,-1.4016267133716984,-0.4383406565094089
Qwen3-4B,KB,KB,with_cot,25,-0.15644263231323058,0.7717142766584618,-0.7845230532253777,0.36525945520526865
Qwen3-4B,RB,RP,no_cot,25,-0.7233611298111248,1.1413765877714142,-1.2768670057075588,-0.2039431348837914
Qwen3-4B,RB,RB,no_cot,25,-0.3412177702943449,0.7896747084190378,-0.7174855731733129,0.028675245883156626
Qwen3-4B,RB,RD,no_cot,25,-1.0904053837790344,1.2946397323642425,-1.4813281727029934,-0.6865132207404614
Qwen3-4B,RB,RP,with_cot,25,-0.06635945722064378,1.0993665037467977,-0.6376197200985165,0.5135231449248603
Qwen3-4B,RB,RB,with_cot,25,0.10626627596352779,0.6987572729054521,-0.2527433217746215,0.47100623369907557
Qwen3-4B,RB,RD,with_cot,25,-0.07876984878531373,0.8659896933948126,-0.5232991825238019,0.49650845502237606
Qwen3-4B,Hybrid,CP,no_cot,25,0.056394729348795705,0.7905238048968519,-0.39821043969128644,0.5817408669334069
Qwen3-4B,Hybrid,CB,no_cot,25,0.15195211426944902,1.2410709762482597,-0.5322154875903011,1.0019121307311938
Qwen3-4B,Hybrid,CB-control,no_cot,25,-0.929143283787169,1.339618969876615,-1.545798098779802,-0.308454872828486
Qwen3-4B,Hybrid,CD,no_cot,25,-0.9022497195062678,1.2143715415000744,-1.4622798798263887,-0.3503818240717014
Qwen3-4B,Hybrid,CP,with_cot,25,0.3401575723297187,0.8414158524901919,-0.13334652280673387,0.8947776634311071
Qwen3-4B,Hybrid,CB,with_cot,25,0.27028851682852845,1.061775551108527,-0.36210844764436007,0.9255144484368172
Qwen3-4B,Hybrid,CB-control,with_cot,25,-0.5049387718627404,0.8375129837296459,-0.9261707426733956,-0.09989034867865351
Qwen3-4B,Hybrid,CD,with_cot,25,-0.9286749546075442,1.2753863897405149,-1.7937891133279353,-0.2437806283876342
Qwen3-8B-Base,KB,KP,no_cot,25,-0.526362226735569,0.8064991366691718,-0.887652407785582,-0.15914662238904237
Qwen3-8B-Base,KB,KD,no_cot,25,-0.9093817423810833,0.9938685322446399,-1.2578060080691413,-0.5815742937355219
Qwen3-8B-Base,KB,KB,no_cot,25,0.3884876952346666,0.7290119991415742,0.0404631375702867,0.7404031217164684
Qwen3-8B-Base,KB,KP,with_cot,25,0.17664293090950894,0.9312162555302327,-0.3647952543266628,0.6777503225717406
Qwen3-8B-Base,KB,KD,with_cot,25,0.01495175605942495,0.9255185907531995,-0.5083953023594999,0.5299101417616997
Qwen3-8B-Base,KB,KB,with_cot,25,0.01639303839958407,0.5648512612610079,-0.2750298199468312,0.3174405992046173
Qwen3-8B-Base,RB,RP,no_cot,25,0.2599795042098101,0.7881726523794765,-0.1725238090602437,0.6727298742482618
Qwen3-8B-Base,RB,RB,no_cot,25,-0.8078453243346441,0.9999364587238856,-1.1907387299683123,-0.43347263416976106
Qwen3-8B-Base,RB,RD,no_cot,25,-0.6658006169434105,0.6820793416138207,-0.8406107145511501,-0.498166689141698
Qwen3-8B-Base,RB,RP,with_cot,25,0.9892075361511005,1.053815886131266,0.663842489916044,1.3238356752214684
Qwen3-8B-Base,RB,RB,with_cot,25,-0.32545292830006,0.5416097201460174,-0.5901109347173145,-0.08533958255237956
Qwen3-8B-Base,RB,RD,with_cot,25,-0.19179533382168132,0.45485321034899073,-0.38904155648202593,0.01533292536160328
Qwen3-8B-Base,Hybrid,CP,no_cot,25,0.06967965523820993,0.9663668796486843,-0.5572832376826438,0.611763455036414
Qwen3-8B-Base,Hybrid,CB,no_cot,25,-0.6873478885235574,1.1061534364762096,-1.2296135990856565,-0.17988487487810217
Qwen3-8B-Base,Hybrid,CB-control,no_cot,25,-1.754601860935955,1.7815266463301764,-2.441860068644882,-1.1647344673992446
Qwen3-8B-Base,Hybrid,CD,no_cot,25,-1.5120705695666061,1.5534182800940857,-1.955805128653297,-1.1516835720899166
Qwen3-8B-Base,Hybrid,CP,with_cot,25,0.6413024791441857,0.9945811303071678,0.16183332005268894,1.1318292298808073
Qwen3-8B-Base,Hybrid,CB,with_cot,25,-0.3154375161662077,0.8358933295399572,-0.7582867696374499,0.10935743682067067
Qwen3-8B-Base,Hybrid,CB-control,with_cot,25,-1.1108737977336471,1.2126398222263282,-1.551967209942313,-0.6917599002912098
Qwen3-8B-Base,Hybrid,CD,with_cot,25,-0.6442904602596536,1.0800465869018807,-1.065740224193704,-0.21039757376381513
Qwen3-8B,KB,KP,no_cot,25,-0.7258544319977827,1.307181865381607,-1.3728298716765097,-0.13000871144702467
Qwen3-8B,KB,KD,no_cot,25,-2.342470618271534,2.3917220639058248,-3.2673933973654834,-1.5320258832832807
Qwen3-8B,KB,KB,no_cot,25,-0.31997770721999863,1.0237124544508902,-0.8220521928674582,0.17343680409297413
Qwen3-8B,KB,KP,with_cot,25,0.21383273239296208,1.4021264229143093,-0.4566950089508703,0.8589346662324511
Qwen3-8B,KB,KD,with_cot,25,-0.4532478589372289,1.5959999361656987,-1.3954063921361564,0.3695060009916772
Qwen3-8B,KB,KB,with_cot,25,0.23930990694366155,0.7574455284355102,-0.17867933566408037,0.6587587779572083
Qwen3-8B,RB,RP,no_cot,25,-1.1644343821223846,1.5029334966357817,-1.804587344408585,-0.5712235995351221
Qwen3-8B,RB,RB,no_cot,25,-0.5889063340022024,1.1546239126918365,-1.3239452938325462,0.059526349557363585
Qwen3-8B,RB,RD,no_cot,25,0.019812664718694747,0.9302359929618563,-0.40448554323187275,0.4731281701751935
Qwen3-8B,RB,RP,with_cot,25,-0.28250788091298085,1.4058781969678784,-1.04066979970046,0.4216687870849506
Qwen3-8B,RB,RB,with_cot,25,-0.7645020257115468,1.0723493681158842,-1.3026640795926006,-0.299919678229121
Qwen3-8B,RB,RD,with_cot,25,1.3239581065562447,1.5408958289213064,0.7469597050802135,1.9620352780969073
Qwen3-8B,Hybrid,CP,no_cot,25,-0.03210068831773533,1.5302084025156262,-0.7964506412433497,0.6900852166273349
Qwen3-8B,Hybrid,CB,no_cot,25,0.17891504689008564,1.5884733463446576,-0.5467129590618471,0.9138693786472731
Qwen3-8B,Hybrid,CB-control,no_cot,25,-0.9113347771047761,1.8641993528068503,-1.7998813956371706,-0.050810908622126824
Qwen3-8B,Hybrid,CD,no_cot,25,-1.3998661350325576,1.8328068439634384,-2.2001151548839384,-0.6397156621548161
Qwen3-8B,Hybrid,CP,with_cot,25,0.18319725745225582,0.9824212288248156,-0.3501951883948884,0.8060927557779495
Qwen3-8B,Hybrid,CB,with_cot,25,0.4529603679432717,1.2860547266625364,-0.14895124506180502,1.049861007882692
Qwen3-8B,Hybrid,CB-control,with_cot,25,-0.1970761138805422,0.8654094805200505,-0.6304965003955446,0.2187068118849391
Qwen3-8B,Hybrid,CD,with_cot,25,-0.4080039104830478,1.3717000429739006,-0.9747647700385533,0.1728716351967673
Qwen3.5-0.8B,KB,KP,no_cot,25,0.4968772764473826,0.9910561820602879,0.04762396804230983,0.9909629715310877
Qwen3.5-0.8B,KB,KD,no_cot,25,0.4326868790228452,1.0007949913452778,-0.005323375574539298,0.8801816096500037
Qwen3.5-0.8B,KB,KB,no_cot,25,0.24093983433892885,0.778288984908107,-0.24715106424867492,0.701873864027427
Qwen3.5-0.8B,KB,KP,with_cot,25,-0.40674172845065115,0.6190504610394377,-0.6495345110254358,-0.15724870452538853
Qwen3.5-0.8B,KB,KD,with_cot,25,-0.40973605676040803,0.6330149519895092,-0.6815109372392943,-0.1429980968080773
Qwen3.5-0.8B,KB,KB,with_cot,25,0.10351920640220796,0.6581892581014683,-0.28952586285636966,0.497828951283769
Qwen3.5-0.8B,RB,RP,no_cot,25,0.5741734397751168,1.0546902114492729,0.1156383338482896,1.0391812715541147
Qwen3.5-0.8B,RB,RB,no_cot,25,0.3980758498972726,0.6214603568107955,0.10407666173435405,0.7142689197191172
Qwen3.5-0.8B,RB,RD,no_cot,25,0.6477679861629647,1.4644810219933944,-0.05665833373491966,1.3300351054292348
Qwen3.5-0.8B,RB,RP,with_cot,25,0.20655646630318927,1.0604965627231147,-0.3026989756465135,0.7795037084862123
Qwen3.5-0.8B,RB,RB,with_cot,25,0.2224457624899445,0.4990804178597007,-0.03369857146160487,0.4930745177863307
Qwen3.5-0.8B,RB,RD,with_cot,25,0.46929956366064113,1.3276316636714285,-0.14943803458493424,1.0796489733053216
Qwen3.5-0.8B,Hybrid,CP,no_cot,25,0.8645967407329396,1.1003798745377378,0.42650981305994606,1.3279993762143731
Qwen3.5-0.8B,Hybrid,CB,no_cot,25,-0.2778896201125656,1.1358929862684262,-0.8339222917720792,0.2958210239773381
Qwen3.5-0.8B,Hybrid,CB-control,no_cot,25,-0.6181383035848849,1.0549993176241406,-1.219498067130102,-0.09617153573276041
Qwen3.5-0.8B,Hybrid,CD,no_cot,25,0.3098801370559571,0.6408551060521666,0.03176707574235814,0.592408447640882
Qwen3.5-0.8B,Hybrid,CP,with_cot,25,0.63108666468986,0.9309195471053633,0.1869078169868153,1.0712241829879618
Qwen3.5-0.8B,Hybrid,CB,with_cot,25,-0.9723419933980331,1.2565579482978209,-1.6223726972766452,-0.387663470107317
Qwen3.5-0.8B,Hybrid,CB-control,with_cot,25,-1.1728726782885692,1.3324098162737987,-1.869263829226357,-0.5498228673858568
Qwen3.5-0.8B,Hybrid,CD,with_cot,25,-0.19461662199969093,0.6092851584466795,-0.5092576904743911,0.09752703409021095
Qwen3.5-2B-Base,KB,KP,no_cot,25,0.6676135987046236,0.8814662799391024,0.3391054510499092,0.998807882587433
Qwen3.5-2B-Base,KB,KD,no_cot,25,-0.4504155333915814,0.6421433824958679,-0.8409166164860854,-0.1272841585624808
Qwen3.5-2B-Base,KB,KB,no_cot,25,0.998491271876683,1.4500966736948577,0.2136883437105886,1.7713718924856932
Qwen3.5-2B-Base,KB,KP,with_cot,25,0.06401116994426477,0.558222934842901,-0.21927381883775124,0.34423580214657507
Qwen3.5-2B-Base,KB,KD,with_cot,25,-0.41996566603296315,0.5183480196461161,-0.6199889909732541,-0.22265139696981293
Qwen3.5-2B-Base,KB,KB,with_cot,25,0.810783470282785,1.116819571206179,0.1911966143683888,1.4194829933338065
Qwen3.5-2B-Base,RB,RP,no_cot,25,0.08522651938291909,0.5495700358839739,-0.17112755172143598,0.33955410785242907
Qwen3.5-2B-Base,RB,RB,no_cot,25,-0.4425667497848017,0.4614539453719599,-0.6440390952516318,-0.2679071413640466
Qwen3.5-2B-Base,RB,RD,no_cot,25,-0.5870247909277844,1.0136104037641227,-1.012438757830183,-0.16334760534211687
Qwen3.5-2B-Base,RB,RP,with_cot,25,0.13578384919161354,0.4573137223483008,-0.06741076052826454,0.34448151758272066
Qwen3.5-2B-Base,RB,RB,with_cot,25,-0.43082570876657317,0.4493201552428737,-0.6245427307807341,-0.25039068930475744
Qwen3.5-2B-Base,RB,RD,with_cot,25,-0.554545658619969,0.9304312250841065,-0.9604411373131185,-0.16889329440831266
Qwen3.5-2B-Base,Hybrid,CP,no_cot,25,0.6494050367950694,0.8131323938958426,0.3493052312560564,0.9489881837879167
Qwen3.5-2B-Base,Hybrid,CB,no_cot,25,0.11740694949609072,0.9656092836666309,-0.3760916212228593,0.6524765559375597
Qwen3.5-2B-Base,Hybrid,CB-control,no_cot,25,-1.0424146182600331,1.1517663033071828,-1.497026839052982,-0.6198455192930998
Qwen3.5-2B-Base,Hybrid,CP,with_cot,25,0.8134067072038694,1.0112278190071229,0.45711445345158097,1.1721798261616205
Qwen3.5-2B-Base,Hybrid,CB,with_cot,25,-0.5313998720522116,0.9769619235321492,-1.077286854417591,-0.042547980058829704
Qwen3.5-2B-Base,Hybrid,CB-control,with_cot,25,-1.3018436964064604,1.4520106922868872,-1.8280082602913035,-0.8289324625096449
Qwen3.5-2B,KB,KP,no_cot,25,0.3064702192716497,1.1859313841853527,-0.34192515900166687,1.0510604396941876
Qwen3.5-2B,KB,KD,no_cot,25,0.647448494400646,1.161558320724278,0.004604224559679835,1.3892249806746888
Qwen3.5-2B,KB,KB,no_cot,25,0.6839449805726775,1.45991447323644,-0.1134406498661193,1.4691896095280759
Qwen3.5-2B,KB,KP,with_cot,25,-1.6052864857643243,1.6242341348222789,-2.236102681847988,-1.026596710486443
Qwen3.5-2B,KB,KD,with_cot,25,-0.1889366568529409,0.624972690792511,-0.4785205015018266,0.13165446643672765
Qwen3.5-2B,KB,KB,with_cot,25,-0.13980748652979463,0.5902558014684889,-0.46842384380302016,0.21625932181860508
Qwen3.5-2B,RB,RP,no_cot,25,0.7224226755526891,1.0018113607791295,0.3139028795942264,1.1229176596733519
Qwen3.5-2B,RB,RB,no_cot,25,0.4063851242942647,0.5903937952969932,0.1073569117346557,0.7401374840331484
Qwen3.5-2B,RB,RD,no_cot,25,0.016754484550051744,1.055801921846079,-0.5112226296916293,0.5024801362571308
Qwen3.5-2B,RB,RP,with_cot,25,0.6518640559920599,0.7134709209212591,0.43677521459254937,0.8552331727279263
Qwen3.5-2B,RB,RB,with_cot,25,0.2926886548616347,0.4742437465719524,0.029139319518448,0.599144461270821
Qwen3.5-2B,RB,RD,with_cot,25,0.36474401880011315,0.7628748760066394,0.009615198922332523,0.7286532988801285
Qwen3.5-2B,Hybrid,CP,no_cot,25,1.6886508871574575,1.7075687124143974,1.2553185110698397,2.130704334980482
Qwen3.5-2B,Hybrid,CB,no_cot,25,-0.9159895295373474,1.4593646632380162,-1.5502130270042764,-0.308481676580105
Qwen3.5-2B,Hybrid,CB-control,no_cot,25,-1.3068784336494281,1.7782277509666358,-1.9897888237146661,-0.6249141907206506
Qwen3.5-2B,Hybrid,CP,with_cot,25,1.1614661618409057,1.2922435778963068,0.6622076787065793,1.717250067875891
Qwen3.5-2B,Hybrid,CB,with_cot,25,-1.2410744832375398,1.7070581057587018,-2.247303852781731,-0.3614963796496549
Qwen3.5-2B,Hybrid,CB-control,with_cot,25,-0.7616538237830003,1.048240376085043,-1.2132265275263538,-0.3255111541516459
Qwen3.5-35B-A3B-Base,KB,KP,no_cot,25,0.11542887153568435,0.4591409250817454,-0.12046502556907197,0.3544564060214444
Qwen3.5-35B-A3B-Base,KB,KD,no_cot,25,-0.2886991254905109,0.45163584995850814,-0.45889445044566474,-0.10672573024055883
Qwen3.5-35B-A3B-Base,KB,KB,no_cot,25,0.3671001296698558,0.5825295761361229,0.09748288592061373,0.6367472922477155
Qwen3.5-35B-A3B-Base,KB,KP,with_cot,25,-0.6618543822363152,0.785895975311114,-0.9697209224409017,-0.35216686193614033
Qwen3.5-35B-A3B-Base,KB,KD,with_cot,25,-1.1655194953812373,1.188384580983044,-1.5650157558816662,-0.8103132866042607
Qwen3.5-35B-A3B-Base,KB,KB,with_cot,25,0.1204428442253373,0.4121341816563983,-0.11818551811913625,0.37611146003880436
Qwen3.5-35B-A3B-Base,RB,RP,no_cot,25,-1.5855053683400289,1.5855053683400289,-2.0045670859724853,-1.2205872353587384
Qwen3.5-35B-A3B-Base,RB,RB,no_cot,25,-0.6323243218775663,0.6452510021245552,-0.9756167883855249,-0.36327240270987127
Qwen3.5-35B-A3B-Base,RB,RD,no_cot,25,-0.03893860359565311,0.4663356784161269,-0.26507500071289747,0.20297550085511806
Qwen3.5-35B-A3B-Base,RB,RP,with_cot,25,0.32728604204054657,0.46816628505353863,0.13539525625787652,0.5379983715438392
Qwen3.5-35B-A3B-Base,RB,RB,with_cot,25,-0.43308718235886073,0.6013522405584254,-0.7370429836645797,-0.1423088331272207
Qwen3.5-35B-A3B-Base,RB,RD,with_cot,25,0.07415751628355965,0.5744283946625711,-0.21338236198014404,0.3673844884192636
Qwen3.5-35B-A3B-Base,Hybrid,CP,no_cot,25,0.06206654368340972,0.5422935090561708,-0.2233245076335811,0.3655343254072746
Qwen3.5-35B-A3B-Base,Hybrid,CB,no_cot,25,-0.30453656291185566,0.8849998753198112,-0.7136404430430769,0.10432261647314231
Qwen3.5-35B-A3B-Base,Hybrid,CB-control,no_cot,25,-0.8411362017805999,0.9855826183523362,-1.3168243621256823,-0.4189054823530218
Qwen3.5-35B-A3B-Base,Hybrid,CP,with_cot,25,0.24344543600237614,0.46484815277873226,0.030734678515644397,0.457273970618844
Qwen3.5-35B-A3B-Base,Hybrid,CB,with_cot,25,-0.907069509603704,1.0078807714364182,-1.3323276458870776,-0.5089858575459416
Qwen3.5-35B-A3B-Base,Hybrid,CB-control,with_cot,25,-1.4439560663787028,1.5095420658675334,-1.9599853526321551,-0.9665618498455734
Qwen3.5-35B-A3B,KB,KP,no_cot,25,-0.05397157976047934,0.721086031378391,-0.41816162246124794,0.30601526498223797
Qwen3.5-35B-A3B,KB,KD,no_cot,25,0.06881253373925851,0.5590667137459414,-0.2059985359548582,0.36543504785488634
Qwen3.5-35B-A3B,KB,KB,no_cot,25,0.0955818188191292,0.5024733521558754,-0.15241212351154346,0.3454635085437786
Qwen3.5-35B-A3B,KB,KP,with_cot,25,-0.6724347374644282,0.7507230668254045,-1.0273212241983694,-0.3540969120635753
Qwen3.5-35B-A3B,KB,KD,with_cot,25,-0.4154578531456811,0.5842909061268271,-0.7006886438732555,-0.15869534383966538
Qwen3.5-35B-A3B,KB,KB,with_cot,25,0.08163377571334358,0.3780412911948571,-0.10838021226307881,0.2841647210325929
Qwen3.5-35B-A3B,RB,RP,no_cot,25,-0.5766363589614186,0.7766294686644827,-0.9594699478624221,-0.22593123029821566
Qwen3.5-35B-A3B,RB,RB,no_cot,25,-0.43868101377328417,0.6344606918001193,-0.7399250061127103,-0.16237039146044052
Qwen3.5-35B-A3B,RB,RD,no_cot,25,-0.36282074493466915,0.6358900201549044,-0.6516019068964025,-0.07880200413133877
Qwen3.5-35B-A3B,RB,RP,with_cot,25,-0.4076557825856089,0.5031873678034615,-0.5557653391525771,-0.24844050492932812
Qwen3.5-35B-A3B,RB,RB,with_cot,25,-0.38573243039660154,0.4986421423933159,-0.6659944670259332,-0.14161502620872746
Qwen3.5-35B-A3B,RB,RD,with_cot,25,-0.3484252705438328,0.44985361418243314,-0.5491847402241326,-0.1649331563278767
Qwen3.5-35B-A3B,Hybrid,CP,no_cot,25,0.7664700178653001,0.8543281237383684,0.4214098638972888,1.150446450103012
Qwen3.5-35B-A3B,Hybrid,CB,no_cot,25,0.7039559474301835,1.003600290687134,0.30270164573832115,1.0831885310026816
Qwen3.5-35B-A3B,Hybrid,CB-control,no_cot,25,0.6973483314725261,1.3751968738821647,-0.020388332855887717,1.5014794040899724
Qwen3.5-35B-A3B,Hybrid,CP,with_cot,25,-0.21835219033186637,0.5572926490244767,-0.46729402132021886,0.042911456905770924
Qwen3.5-35B-A3B,Hybrid,CB,with_cot,25,-0.004526347005118936,1.0239661774995426,-0.4936458763217864,0.48597944454047814
Qwen3.5-35B-A3B,Hybrid,CB-control,with_cot,25,0.1808068298188349,0.9845075015214583,-0.24935537725683923,0.6345707644278493
Qwen3.5-4B-Base,KB,KP,no_cot,25,0.02353426485876364,0.5055668891462944,-0.20899778298435334,0.24802468187552615
Qwen3.5-4B-Base,KB,KD,no_cot,25,-0.04375148883349107,0.5482088870529194,-0.31879851109602797,0.23539720166846545
Qwen3.5-4B-Base,KB,KB,no_cot,25,-0.07229354874461429,0.2693878589268075,-0.2038021612946267,0.05869520890112861
Qwen3.5-4B-Base,KB,KP,with_cot,25,-0.47084838337538726,0.4941839598256416,-0.6983516668214184,-0.2839922397845578
Qwen3.5-4B-Base,KB,KD,with_cot,25,-0.28680994286031236,0.3631935203714133,-0.4365819568913536,-0.1445134210370065
Qwen3.5-4B-Base,KB,KB,with_cot,25,0.13458089896655012,0.25588748043163684,-0.002813787725429813,0.29159482381828117
Qwen3.5-4B-Base,RB,RP,no_cot,25,-0.5592146815071325,0.5831925524482946,-0.7049138389532345,-0.4158868900360982
Qwen3.5-4B-Base,RB,RB,no_cot,25,-0.2454688866063952,0.3649499243125318,-0.4195985435334344,-0.08203904981476565
Qwen3.5-4B-Base,RB,RD,no_cot,25,-0.22459478918285597,0.41493359787833123,-0.4032658446465308,-0.03751380812509791
Qwen3.5-4B-Base,RB,RP,with_cot,25,-0.0029059787444947814,0.29205919502702143,-0.1613425695699019,0.1517446581507545
Qwen3.5-4B-Base,RB,RB,with_cot,25,-0.1557633694234703,0.3798125801705534,-0.385081334346484,0.05327157319545559
Qwen3.5-4B-Base,RB,RD,with_cot,25,0.40034439916589437,0.6890487673985106,0.13987392728259074,0.670625534395909
Qwen3.5-4B-Base,Hybrid,CP,no_cot,25,0.3752795888104787,0.7472244477203737,0.04402256941953679,0.7013954662823116
Qwen3.5-4B-Base,Hybrid,CB,no_cot,25,-0.22064427938063944,0.6533034731348356,-0.554368895116821,0.1220491880219428
Qwen3.5-4B-Base,Hybrid,CB-control,no_cot,25,-0.6654527450725436,0.9343545962745945,-1.0921339954991514,-0.26082679185690394
Qwen3.5-4B-Base,Hybrid,CD,no_cot,25,-0.3267120523949464,0.7595951314469178,-0.6422201669074595,0.012821993357315568
Qwen3.5-4B-Base,Hybrid,CP,with_cot,25,0.375414497628808,0.4872675596922636,0.16926866284944128,0.608530646527186
Qwen3.5-4B-Base,Hybrid,CB,with_cot,25,-0.906886159921686,1.1526801565239828,-1.433399481777723,-0.41244892892427754
Qwen3.5-4B-Base,Hybrid,CB-control,with_cot,25,-0.8163327868034443,0.9034067373226086,-1.2006749581632514,-0.4864038240040343
Qwen3.5-4B-Base,Hybrid,CD,with_cot,25,-0.6792515797317029,0.7604686636626721,-0.9850532944488029,-0.39527792113001164
Qwen3.5-4B,KB,KP,no_cot,25,-0.5212451078288973,0.8276790418022096,-0.9364455039431703,-0.13709384772745656
Qwen3.5-4B,KB,KD,no_cot,25,-0.04975334663303025,0.7349347386994826,-0.4795012878216691,0.38732934745874126
Qwen3.5-4B,KB,KB,no_cot,25,-0.20871826767482682,0.495980539493842,-0.44312570642414123,0.016833059363616846
Qwen3.5-4B,KB,KP,with_cot,25,-0.299511016377331,0.5289826465611445,-0.5718232728724987,-0.04662738265764851
Qwen3.5-4B,KB,KD,with_cot,25,0.45455804019738716,0.5469804909161675,0.1721657404029309,0.7880147552637825
Qwen3.5-4B,KB,KB,with_cot,25,-0.06559029444194271,0.2688725321179982,-0.22912630581378263,0.11902244177244627
Qwen3.5-4B,RB,RP,no_cot,25,-1.0561387748076094,1.220477705106494,-1.4465051320275915,-0.6663673294776209
Qwen3.5-4B,RB,RB,no_cot,25,0.01513983961593894,0.33785533208000873,-0.18145483693010406,0.2331511627041535
Qwen3.5-4B,RB,RD,no_cot,25,-0.7333979717602154,0.8968265310634991,-1.0971914667291123,-0.39158447281551734
Qwen3.5-4B,RB,RP,with_cot,25,-1.6192356584611391,1.619766778761432,-2.1273659337492927,-1.1460207354426832
Qwen3.5-4B,RB,RB,with_cot,25,0.11799878211425881,0.3445162023266866,-0.05666197971893209,0.29662879880167353
Qwen3.5-4B,RB,RD,with_cot,25,-0.017783145403400768,0.4671379271105286,-0.2590395676849099,0.2513307134657653
Qwen3.5-4B,Hybrid,CP,no_cot,25,-0.19373596738899745,0.5680115565421682,-0.45367729145397123,0.06419363486170757
Qwen3.5-4B,Hybrid,CB,no_cot,25,0.021716348651796585,0.6956191499792039,-0.28484860226139425,0.3477107432477176
Qwen3.5-4B,Hybrid,CB-control,no_cot,25,-0.005165890111277491,0.7595587748078009,-0.4222198924708801,0.369967871009993
Qwen3.5-4B,Hybrid,CD,no_cot,25,-0.7754189035805564,0.8757805964859824,-1.1086624884672152,-0.4655214461161756
Qwen3.5-4B,Hybrid,CP,with_cot,25,-0.14875330206876003,0.6723131068957349,-0.5009356521378894,0.1889724037398892
Qwen3.5-4B,Hybrid,CB,with_cot,25,0.40681433869649963,0.6933884034479658,0.09679981881280739,0.7355206822499633
Qwen3.5-4B,Hybrid,CB-control,with_cot,25,0.6927421418627102,0.9871068812211354,0.24930487333722412,1.0953162030925352
Qwen3.5-4B,Hybrid,CD,with_cot,25,-0.3195354245454073,0.6605385213941335,-0.6966863310679793,0.012792933393269779
Qwen3.5-9B-Base,KB,KP,no_cot,25,-0.22029084181272665,0.5312026064748324,-0.4840756009474988,0.03745701848643156
Qwen3.5-9B-Base,KB,KD,no_cot,25,-0.4719288023499581,0.5177331772096264,-0.6939256760886727,-0.2685552141784089
Qwen3.5-9B-Base,KB,KB,no_cot,25,0.0935698565728089,0.3036523839189419,-0.0433980197056219,0.22249036354855375
Qwen3.5-9B-Base,KB,KP,with_cot,25,-0.37492713960956947,0.4872780568407397,-0.5642103381190148,-0.18207161540559932
Qwen3.5-9B-Base,KB,KD,with_cot,25,-0.5922756381244669,0.6363014400876398,-0.7913162427785442,-0.39474744919375826
Qwen3.5-9B-Base,KB,KB,with_cot,25,-6.377656617720718e-05,0.20120366289238084,-0.09830653313736684,0.10391668668928529
Qwen3.5-9B-Base,RB,RP,no_cot,25,-0.4864275327794409,0.5757951302822524,-0.6562500926106488,-0.3108054876585763
Qwen3.5-9B-Base,RB,RB,no_cot,25,-0.2447440088642317,0.3769691456969649,-0.4099158536188714,-0.07993407973957554
Qwen3.5-9B-Base,RB,RD,no_cot,25,0.27413616971068433,0.6244329165175024,-0.011487433490154937,0.5667149925644375
Qwen3.5-9B-Base,RB,RP,with_cot,25,0.24191685483369618,0.3858736646723091,0.060363523571585705,0.44125975010096685
Qwen3.5-9B-Base,RB,RB,with_cot,25,-0.21984645723232205,0.33716637470271615,-0.45800175706925805,-0.038891279833424636
Qwen3.5-9B-Base,RB,RD,with_cot,25,-0.1638646514381149,0.3825641265675603,-0.32174845892492504,-0.004072549501378699
Qwen3.5-9B-Base,Hybrid,CP,no_cot,25,0.13749858899709458,0.4799231564109213,-0.09733388556916805,0.37770638651887406
Qwen3.5-9B-Base,Hybrid,CB,no_cot,25,0.02673046368733047,0.610065755661577,-0.27103723522536455,0.33125855530590415
Qwen3.5-9B-Base,Hybrid,CB-control,no_cot,25,-0.6601257437790434,0.9310062018608053,-1.0586375283206504,-0.2677967716415724
Qwen3.5-9B-Base,Hybrid,CD,no_cot,25,-0.44890609069416926,0.771259324985246,-0.7769921961904815,-0.13275092640426014
Qwen3.5-9B-Base,Hybrid,CP,with_cot,25,0.4487155717952798,0.602910198920096,0.22844419722305614,0.6615459540400964
Qwen3.5-9B-Base,Hybrid,CB,with_cot,25,-0.897607420819501,0.8991821343327561,-1.1918378530843183,-0.6200060670465852
Qwen3.5-9B-Base,Hybrid,CB-control,with_cot,25,-1.0639521507316578,1.0662071327262868,-1.3964754876050476,-0.7582771957753072
Qwen3.5-9B-Base,Hybrid,CD,with_cot,25,-0.6254487099510928,0.8347186400753757,-0.9515101813697255,-0.30281020762662725
Qwen3.5-9B,KB,KP,no_cot,25,0.20865339396429633,0.7528474789140877,-0.20217146816042042,0.6668277964218652
Qwen3.5-9B,KB,KD,no_cot,25,-0.2859886061772302,0.9291202602883583,-0.7778272719816343,0.19405933829762714
Qwen3.5-9B,KB,KB,no_cot,25,-0.08890964809685967,0.4208343811345098,-0.29356741067549086,0.12022476566409901
Qwen3.5-9B,KB,KP,with_cot,25,0.221363381773106,0.5445104631123722,-0.09936021147841045,0.528744506229023
Qwen3.5-9B,KB,KD,with_cot,25,-0.21708062845077136,0.5725490921953404,-0.5310854904188211,0.07481795202835242
Qwen3.5-9B,KB,KB,with_cot,25,0.17795713275784233,0.3343131459863382,0.017502376457577292,0.351186052829981
Qwen3.5-9B,RB,RP,no_cot,25,-0.48215693391327347,0.969665389842398,-0.9695198877388168,-0.02732339357105751
Qwen3.5-9B,RB,RB,no_cot,25,-0.13435078718788213,0.6960170715634844,-0.4703687853429222,0.1960548511706514
Qwen3.5-9B,RB,RD,no_cot,25,-0.627546107766795,1.0425934249388853,-1.0827042532741713,-0.17973898212448702
Qwen3.5-9B,RB,RP,with_cot,25,0.561469166710352,0.8334354756617298,0.21479115087538964,0.9245549235352468
Qwen3.5-9B,RB,RB,with_cot,25,0.414406330237786,0.6470107567558686,0.01193370171884694,0.9133536233811947
Qwen3.5-9B,RB,RD,with_cot,25,0.7048931279361602,0.7889198993226247,0.4155291887477617,1.0046100699375382
Qwen3.5-9B,Hybrid,CP,no_cot,25,-0.18328241277889654,0.7682624668295804,-0.5666029740404337,0.27373889225393844
Qwen3.5-9B,Hybrid,CB,no_cot,25,0.2724554812684655,1.3582052032376328,-0.4358483779430388,0.9981162715070572
Qwen3.5-9B,Hybrid,CB-control,no_cot,25,0.25110765733383594,1.2110341424439102,-0.4451709693175895,1.0501879361308954
Qwen3.5-9B,Hybrid,CD,no_cot,25,-1.2684359016269446,1.46080751799047,-1.6991347985379397,-0.8092095384914433
Qwen3.5-9B,Hybrid,CP,with_cot,25,-0.06015855837364995,0.509014516984423,-0.3384498283345253,0.21620712943375106
Qwen3.5-9B,Hybrid,CB,with_cot,25,0.1767395423253377,0.8288110285600027,-0.23168104108472665,0.5830625685006376
Qwen3.5-9B,Hybrid,CB-control,with_cot,25,0.31440574271976945,0.8610551314204932,-0.14977413385299346,0.8237829975052423
Qwen3.5-9B,Hybrid,CD,with_cot,25,-0.9132836753825347,1.0438242332835992,-1.2342942580133676,-0.5790097991841535
